name,isolate,host,country,date,SOURCE,latitude,longitude,coordinates,coordinate_loc,coordinate_comment,general_comment,ACE2,submission_date
KF294457.1,Longquan-140,Rhinolophus monoceros,Zhejiang,2012,10.1016/j.virol.2017.03.019,28.07669997,119.1394854,"28.076699974144574, 119.13948539295212",Longquan,,,N,2013.4738584474885
KF569996.1,LYRa11,Rhinolophus affinis,Yunnan,2011,10.1128/JVI.00631-14,25.25125189,99.11107516,"25.251251890152414, 99.11107516062106","Baoshan, Yunnan",,,Y,2013.6382420091325
KC881006.1,Rs3367,Rhinolophus sinicus,Yunnan,2012-03-19,10.1038/nature12711,24.883105430318807,102.82153645198404,"24.88310543031881, 102.82153645198403",Kunming,,,,2013.2656392694064
KF367457.1,WIV1,Rhinolophus sinicus,Yunnan,2012-09,10.1038/nature12711,24.88310543,102.8215365,"24.88310543031881, 102.82153645198403",Kunming,,,,2013.5149543379
DQ648857.1,BtCoV/279/2005,Rhinolophus macrotis,Hubei,2004,10.1128/JVI.00697-06,31.695111423993936,111.07961660868963,"31.695111423993936, 111.07961660868965",Hubei,province-level,,N,2006.3889269406395
MG772933.1,bat-SL-CoVZC45,Rhinolophus pusillus,Zhejiang,2017-02,10.1038/s41426-018-0155-5,29.99128034,122.1944505,"29.99128034348341, 122.19445047566558",Zhoushan,,,N,2018.0109589041097
MG772934.1,bat-SL-CoVZXC21,Rhinolophus pusillus,Zhejiang,2015-07,10.1038/s41426-018-0155-5,29.99128034,122.1944505,"29.99128034348341, 122.19445047566558",Zhoushan,,,,2018.0109589041097
MT040333.1,PCoV_GX-P4L,Manis javanica,Guangxi,2017,10.1038/s41586-020-2169-0,23.803076500000003,110.7481393,"23.80307649605036, 110.74813931498792",Guangxi,province-level,,,2020.103825136612
MT040334.1,PCoV_GX-P1E,Manis javanica,Guangxi,2017,10.1038/s41586-020-2169-0,23.803076500000003,110.7481393,"23.80307649605036, 110.74813931498792",Guangxi,province-level,,Y,2020.103825136612
MT040335.1,PCoV_GX-P5L,Manis javanica,Guangxi,2017,10.1038/s41586-020-2169-0,23.803076500000003,110.7481393,"23.80307649605036, 110.74813931498792",Guangxi,province-level,,,2020.103825136612
MT040336.1,PCoV_GX-P5E,Manis javanica,Guangxi,2017,10.1038/s41586-020-2169-0,23.803076500000003,110.7481393,"23.80307649605036, 110.74813931498792",Guangxi,province-level,,,2020.103825136612
MT072864.1,PCoV_GX-P2V,Manis javanica,Guangxi,2018,10.1038/s41586-020-2169-0,23.803076500000003,110.7481393,"23.80307649605036, 110.74813931498792",Guangxi,province-level,,,2020.1174863387976
JX993987.1,Rp/Shaanxi2011,Rhinolophus pusillus,Shaanxi,2011-09,10.3201/eid1906.121648,36.02900378,109.643279,"36.02900377727876, 109.64327897356466",Shaanxi,province-level,,N,2012.8086293260476
KU973692.1,F46,Rhinolophus pusillus,Yunnan,2012,10.1038/emi.2016.140,24.3949677,98.51836864,"24.39496769562519, 98.51836864225497",Mangshi,,,N,2016.226662112933
JX993988.1,Cp/Yunnan2011,Chaerephon plicata,Yunnan,2011,10.3201/eid1906.121648,24.26621094,101.4905298,"24.266210937450396, 101.49052981981725",Yunnan,province-level,,N,2012.8086293260476
DQ071615.1,Rp3,Rhinolophus pearsoni,Guangxi,2004-12,10.1126/science.1118391,22.859655983680145,108.35581145802244,"22.859655983680142, 108.35581145802243",Nanning,,,N,2005.3889269406395
FJ588686.1,Rs672,Rhinolophus sinicus,Guizhou,2006,10.1099/vir.0.016378-0,27.527048807109463,107.59901736825704,"27.527048807109463, 107.59901736825705",Guizhou,province-level,,,2008.96174863388
AY394995.1,HSZ-Cc,Homo sapiens,Guangdong,2002-12,10.1126/science.1092002,23.18938968023,113.22208821094604,"23.189389680229997, 113.22208821094603",Guangzhou,,,Y,2003.7149543379
KY417147.1,Rs4237,Rhinolophus sinicus,Yunnan,2013-04-17,10.1371/journal.ppat.1006698,24.883105430318807,102.82153645198404,"24.88310543031881, 102.82153645198403",Kunming,,,,2016.9945355191255
KJ473816.1,BtRs-YN2013,Rhinolophus sinicus,Yunnan,2013,10.1093/infdis/jiv476,24.883105430318807,102.82153645198404,"24.88310543031881, 102.82153645198403",Kunming,,,,2014.1397260273973
MK211378.1,BtRs-BetaCoV/YN2018D,Rhinolophus sinicus,Yunnan,2016-09,10.3389/fmicb.2019.01900,24.2662109374504,101.49052981981724,"24.266210937450396, 101.49052981981725",Yunnan,province-level,species correction: https://www.frontiersin.org/articles/10.3389/fmicb.2020.597510/full,,2018.8876712328768
MK211375.1,BtRs-BetaCoV/YN2018A,Rhinolophus sinicus,Yunnan,2016-09,10.3389/fmicb.2019.01900,24.2662109374504,101.49052981981724,"24.266210937450396, 101.49052981981725",Yunnan,province-level,species correction: https://www.frontiersin.org/articles/10.3389/fmicb.2020.597510/full,,2018.8876712328768
MK211376.1,BtRs-BetaCoV/YN2018B,Rhinolophus sinicus,Yunnan,2016-09,10.3389/fmicb.2019.01900,24.2662109374504,101.49052981981724,"24.266210937450396, 101.49052981981725",Yunnan,province-level,species correction: https://www.frontiersin.org/articles/10.3389/fmicb.2020.597510/full,,2018.8876712328768
KY417150.1,Rs4874,Rhinolophus sinicus,Yunnan,2013-07-21,10.1371/journal.ppat.1006698,24.883105430318807,102.82153645198404,"24.88310543031881, 102.82153645198403",Kunming,,,,2016.9945355191255
KT444582.1,WIV16,Rhinolophus sinicus,Yunnan,2013-07-21,10.1128/JVI.02582-15,24.883105430318807,102.82153645198404,"24.88310543031881, 102.82153645198403",Kunming,,,,2015.6300228310504
KY417143.1,Rs4081,Rhinolophus sinicus,Yunnan,2012-09-18,10.1038/nature12711,24.883105430318807,102.82153645198404,"24.88310543031881, 102.82153645198403",Kunming,,,N,2016.9945355191255
KC881005.1,RsSHC014,Rhinolophus sinicus,Yunnan,2011-04-17,10.1038/nature12711,24.883105430318807,102.82153645198404,"24.88310543031881, 102.82153645198403",Kunming,,,,2013.2656392694064
KY770858.1,Anlong-103,Rhinolophus sinicus,Guizhou,2013,10.1016/j.virol.2017.03.019,25.095474745049195,105.4353960325423,"25.095474745049195, 105.43539603254231",Anlong,,,N,2017.194406392694
KY770859.1,Anlong-112,Rhinolophus sinicus,Guizhou,2013,10.1016/j.virol.2017.03.019,25.095474745049195,105.4353960325423,"25.095474745049195, 105.43539603254231",Anlong,,,,2017.194406392694
KY417148.1,Rs4247,Rhinolophus sinicus,Yunnan,2013-04-17,10.1371/journal.ppat.1006698,24.883105430318807,102.82153645198404,"24.88310543031881, 102.82153645198403",Kunming,,,,2016.9945355191255
KY417146.1,Rs4231,Rhinolophus sinicus,Yunnan,2013-04-17,10.1371/journal.ppat.1006698,24.883105430318807,102.82153645198404,"24.88310543031881, 102.82153645198403",Kunming,,,,2016.9945355191255
KY417149.1,Rs4255,Rhinolophus sinicus,Yunnan,2013-04-17,10.1371/journal.ppat.1006698,24.883105430318807,102.82153645198404,"24.88310543031881, 102.82153645198403",Kunming,,,N,2016.9945355191255
KY417151.1,Rs7327,Rhinolophus sinicus,Yunnan,2014-10-24,10.1371/journal.ppat.1006698,24.883105430318807,102.82153645198404,"24.88310543031881, 102.82153645198403",Kunming,,,,2016.9945355191255
KY417142.1,As6526,Aselliscus stoliczkanus,Yunnan,2014-05-12,10.1371/journal.ppat.1006698,24.883105430318807,102.82153645198404,"24.88310543031881, 102.82153645198403",Kunming,,,N,2016.9945355191255
KY417144.1,Rs4084,Rhinolophus sinicus,Yunnan,2012-09-18,10.1371/journal.ppat.1006698,24.883105430318807,102.82153645198404,"24.88310543031881, 102.82153645198403",Kunming,,,Y,2016.9945355191255
KY417152.1,Rs9401,Rhinolophus sinicus,Yunnan,2015-10-16,10.1371/journal.ppat.1006698,24.883105430318807,102.82153645198404,"24.88310543031881, 102.82153645198403",Kunming,,,,2016.9945355191255
KY417145.1,Rf4092,Rhinolophus ferrumequinum,Yunnan,2012-09-18,10.1371/journal.ppat.1006698,24.883105430318807,102.82153645198404,"24.88310543031881, 102.82153645198403",Kunming,,,,2016.9945355191255
MK211377.1,BtRs-BetaCoV/YN2018C,Rhinolophus sinicus,Yunnan,2016-09,10.3389/fmicb.2019.01900,24.2662109374504,101.49052981981724,"24.266210937450396, 101.49052981981725",Yunnan,province-level,species correction: https://www.frontiersin.org/articles/10.3389/fmicb.2020.597510/full,,2018.8876712328768
GQ153544.1,HKU3-9,Rhinolophus sinicus,Guangdong,2006-08-28,10.1128/JVI.02219-09,22.3334297,114.1770884,"22.33342970394504, 114.17708843455159",Hong Kong,,,,2009.3615296803653
GQ153545.1,HKU3-10,Rhinolophus sinicus,Guangdong,2006-08-28,10.1128/JVI.02219-09,22.3334297,114.1770884,"22.33342970394504, 114.17708843455159",Hong Kong,,,,2009.3615296803653
GQ153548.1,HKU3-13,Rhinolophus sinicus,Guangdong,2007-11-15,10.1128/JVI.02219-09,22.3334297,114.1770884,"22.33342970394504, 114.17708843455159",Hong Kong,,,,2009.3615296803653
GQ153546.1,HKU3-11,Rhinolophus sinicus,Guangdong,2007-03-07,10.1128/JVI.02219-09,22.3334297,114.1770884,"22.33342970394504, 114.17708843455159",Hong Kong,,,,2009.3615296803653
GQ153540.1,HKU3-5,Rhinolophus sinicus,Guangdong,2005-09-20,10.1128/JVI.02219-09,22.3334297,114.1770884,"22.33342970394504, 114.17708843455159",Hong Kong,,,,2009.3615296803653
GQ153542.1,HKU3-7,Rhinolophus sinicus,Guangdong,2006-02-15,10.1128/JVI.02219-09,22.3334297,114.1770884,"22.33342970394504, 114.17708843455159",Hong Kong,,,,2009.3615296803653
DQ084199.1,HKU3-2,Rhinolophus sinicus,Guangdong,2005-02-24,10.1128/JVI.02219-09,22.3334297,114.1770884,"22.33342970394504, 114.17708843455159",Hong Kong,,,,2005.419063926941
GQ153547.1,HKU3-12,Rhinolophus sinicus,Guangdong,2007-05-15,10.1128/JVI.02219-09,22.3334297,114.1770884,"22.33342970394504, 114.17708843455159",Hong Kong,,,,2009.3615296803653
GQ153539.1,HKU3-4,Rhinolophus sinicus,Guangdong,2005-09-20,10.1128/JVI.02219-09,22.3334297,114.1770884,"22.33342970394504, 114.17708843455159",Hong Kong,,,,2009.3615296803653
GQ153541.1,HKU3-6,Rhinolophus sinicus,Guangdong,2005-12-16,10.1128/JVI.02219-09,22.3334297,114.1770884,"22.33342970394504, 114.17708843455159",Hong Kong,,,,2009.3615296803653
DQ022305.2,HKU3-1,Rhinolophus sinicus,Guangdong,2005-02-17,10.1128/JVI.02219-09,22.3334297,114.1770884,"22.33342970394504, 114.17708843455159",Hong Kong,,,N,2005.3231735159816
DQ084200.1,HKU3-3,Rhinolophus sinicus,Guangdong,2005-03-17,10.1128/JVI.02219-09,22.3334297,114.1770884,"22.33342970394504, 114.17708843455159",Hong Kong,,,,2005.419063926941
GQ153543.1,HKU3-8,Rhinolophus sinicus,Guangdong,2006-02-15,10.1128/JVI.02219-09,22.3334297,114.1770884,"22.33342970394504, 114.17708843455159",Hong Kong,,,,2009.3615296803653
KP886808.1,YNLF_31C,Rhinolophus ferrumequinum,Yunnan,2013-05-23,,25.14915365,102.0748286,"25.149153645782288, 102.07482857136728",Lufeng,,,,2015.169863013699
KJ473814.1,BtRs-HuB2013,Rhinolophus sinicus,Hubei,2013,10.1038/ismej.2015.138,31.21313842,112.0009523,"31.213138424690648, 112.00095227509493",Hubei,province-level,,,2014.1397260273973
KJ473815.1,BtRs-GX2013,Rhinolophus sinicus,Guangxi,2013,10.1093/infdis/jiv476,24.406060999842317,111.56341552729944,"24.406060999842314, 111.56341552729944",Hezhou,,,,2014.1397260273973
MK211374.1,BtRl-BetaCoV/SC2018,Rhinolophus sp.,Sichuan,2016-08,10.3389/fmicb.2019.01900,31.34931671010588,102.62903716097208,"31.34931671010588, 102.62903716097208",Sichuan,province-level,,,2018.8876712328768
KJ473812.1,BtRf-HeB2013,Rhinolophus ferrumequinum,Hebei,2013,10.1093/infdis/jiv476,39.04257009016735,115.30952951168858,"39.042570090167345, 115.30952951168858",Hebei,province-level,,,2014.1397260273973
KJ473813.1,BtRf-SX2013,Rhinolophus ferrumequinum,Shanxi,2013,10.1093/infdis/jiv476,37.02145899010558,112.32092475914772,"37.02145899010558, 112.32092475914773",Shanxi,province-level,,,2014.1397260273973
DQ412042.1,Rf1,Rhinolophus ferrumequinum,Hubei,2004-11,10.1126/science.1118391,30.693192888459222,111.29423882047676,"30.693192888459226, 111.29423882047675",Yichang,,,,2006.1397260273973
KY770860.1,Jiyuan-84,Rhinolophus ferrumequinum,Henan,2012,10.1016/j.virol.2017.03.019,35.08167677437168,112.61288458828017,"35.08167677437168, 112.61288458828015",Jiyuan,,,,2017.194406392694
KP886809.1,YNLF_34C,Rhinolophus ferrumequinum,Yunnan,2013-05-23,,25.14915365,102.0748286,"25.149153645782288, 102.07482857136728",Lufeng,,,,2015.169863013699
KU182964.1,JTMC15,Rhinolophus ferrumequinum,Jilin,2013-08,10.1007/s12250-016-3727-3,41.729835979495256,125.9382598104726,"41.729835979495256, 125.93825981047259","Tonghua, Jilin",,,N,2015.8876712328768
DQ412043.1,Rm1,Rhinolophus macrotis,Hubei,2004-11,10.1126/science.1118391,30.693192888459222,111.29423882047676,"30.693192888459226, 111.29423882047675",Yichang,,,,2006.1397260273973
KJ473811.1,BtRf-JL2012,Rhinolophus ferrumequinum,Jilin,2012,,43.22913974,126.9370081,"43.22913973588956, 126.93700811740007",Jilin,province-level,,,2014.1397260273973
MW251308.1,RacCS203,Rhinolophus acuminatus,Thailand,2020-06-19,10.1038/s41467-021-21240-1,13.6963003,101.12112890000002,"13.696300303409638, 101.12112892356872",Chachoengsao,,,N,2020.863387978142
LC556375.1,Rc-o319,Rhinolophus cornutus,Japan,2013,10.3201/eid2612.203386,39.4579663,141.3566069,"39.45796629633173, 141.35660691624267",Iwate,,,N,2020.456170309654
MZ081381.1,bat/Yunnan/RpYN06/2020,Rhinolophus pusillus,Yunnan,2020-05-25,10.1016/j.cell.2021.06.008,21.47195673,101.556792,"21.471956729071447, 101.55679203892701",Mengla,,,,2021.3231735159816
MW703458.1,PrC31,Rhinolophus pusillus,Yunnan,2018-08,10.1080/22221751.2021.1964925,24.26621094,101.4905298,"24.266210937450396, 101.49052981981725",Yunnan,province-level,,,2021.169863013699
MZ937002.1,BANAL-20-116/Laos/2020,Rhinolophus malayanus,Laos,2020-07-07,10.21203/rs.3.rs-871965/v1,18.66585993222259,102.14923141373971,"18.665859932222595, 102.14923141373973","Fueng​​​ District​, Vientiane Province ",,,,2021.6519406392692
MZ937004.1,BANAL-20-247/Laos/2020,Rhinolophus malayanus,Laos,2020-07-10,10.21203/rs.3.rs-871965/v1,18.66585993222259,102.14923141373971,"18.665859932222595, 102.14923141373973","Fueng​​​ District​, Vientiane Province ",,,,2021.6519406392692
OK017812.1,GD2016B,Rhinolophus sinicus,Guangdong,2016-07,10.21203/rs.3.rs-885194/v1,23.86367166708743,115.13543046617524,"23.863671667087427, 115.13543046617524",Guangdong,province-level,,,2021.662899543379
OK017847.1,YN2016A,Rhinolophus sinicus,Yunnan,2016-08,10.21203/rs.3.rs-885194/v1,24.2662109374504,101.49052981981724,"24.266210937450396, 101.49052981981725",Yunnan,province-level,,,2021.662899543379
OK017848.1,YN2016B,Rhinolophus sinicus,Yunnan,2016-08,10.21203/rs.3.rs-885194/v1,24.2662109374504,101.49052981981724,"24.266210937450396, 101.49052981981725",Yunnan,province-level,,,2021.662899543379
OK017849.1,YN2016C,Rhinolophus sinicus,Yunnan,2016-08,10.21203/rs.3.rs-885194/v1,24.2662109374504,101.49052981981724,"24.266210937450396, 101.49052981981725",Yunnan,province-level,,,2021.662899543379
OK017850.1,YN2016D,Rhinolophus sinicus,Yunnan,2016-08,10.21203/rs.3.rs-885194/v1,24.2662109374504,101.49052981981724,"24.266210937450396, 101.49052981981725",Yunnan,province-level,,,2021.662899543379
OK017851.1,YN2016E,Rhinolophus sinicus,Yunnan,2016-08,10.21203/rs.3.rs-885194/v1,24.2662109374504,101.49052981981724,"24.266210937450396, 101.49052981981725",Yunnan,province-level,,,2021.662899543379
OK017792.1,GD2017F,Rhinolophus affinis,Guangdong,2017-08,10.21203/rs.3.rs-885194/v1,23.86367166708743,115.13543046617524,"23.863671667087427, 115.13543046617524",Guangdong,province-level,,,2021.662899543379
OK017813.1,GD2017G,Rhinolophus sinicus,Guangdong,2017-09,10.21203/rs.3.rs-885194/v1,23.86367166708743,115.13543046617524,"23.863671667087427, 115.13543046617524",Guangdong,province-level,,,2021.662899543379
OK017814.1,GD2017H,Rhinolophus sinicus,Guangdong,2017-09,10.21203/rs.3.rs-885194/v1,23.86367166708743,115.13543046617524,"23.863671667087427, 115.13543046617524",Guangdong,province-level,,,2021.662899543379
OK017815.1,GD2017I,Rhinolophus sinicus,Guangdong,2017-09,10.21203/rs.3.rs-885194/v1,23.86367166708743,115.13543046617524,"23.863671667087427, 115.13543046617524",Guangdong,province-level,,,2021.662899543379
OK017816.1,GD2017J,Rhinolophus sinicus,Guangdong,2017-09,10.21203/rs.3.rs-885194/v1,23.86367166708743,115.13543046617524,"23.863671667087427, 115.13543046617524",Guangdong,province-level,,,2021.662899543379
OK017817.1,GD2017K,Rhinolophus sinicus,Guangdong,2017-09,10.21203/rs.3.rs-885194/v1,23.86367166708743,115.13543046617524,"23.863671667087427, 115.13543046617524",Guangdong,province-level,,,2021.662899543379
OK017818.1,GD2017L,Rhinolophus sinicus,Guangdong,2017-09,10.21203/rs.3.rs-885194/v1,23.86367166708743,115.13543046617524,"23.863671667087427, 115.13543046617524",Guangdong,province-level,,,2021.662899543379
OK017819.1,GD2017M,Rhinolophus sinicus,Guangdong,2017-09,10.21203/rs.3.rs-885194/v1,23.86367166708743,115.13543046617524,"23.863671667087427, 115.13543046617524",Guangdong,province-level,,,2021.662899543379
OK017820.1,GD2017N,Rhinolophus sinicus,Guangdong,2017-09,10.21203/rs.3.rs-885194/v1,23.86367166708743,115.13543046617524,"23.863671667087427, 115.13543046617524",Guangdong,province-level,,,2021.662899543379
OK017821.1,GD2017O,Rhinolophus sinicus,Guangdong,2017-09,10.21203/rs.3.rs-885194/v1,23.86367166708743,115.13543046617524,"23.863671667087427, 115.13543046617524",Guangdong,province-level,,,2021.662899543379
OK017822.1,GD2017P,Rhinolophus sinicus,Guangdong,2017-09,10.21203/rs.3.rs-885194/v1,23.86367166708743,115.13543046617524,"23.863671667087427, 115.13543046617524",Guangdong,province-level,,,2021.662899543379
OK017823.1,GD2017Q,Rhinolophus sinicus,Guangdong,2017-09,10.21203/rs.3.rs-885194/v1,23.86367166708743,115.13543046617524,"23.863671667087427, 115.13543046617524",Guangdong,province-level,,,2021.662899543379
OK017824.1,GD2017W,Rhinolophus sinicus,Guangdong,2017-09,10.21203/rs.3.rs-885194/v1,23.86367166708743,115.13543046617524,"23.863671667087427, 115.13543046617524",Guangdong,province-level,,,2021.662899543379
OK017846.1,SC2018B,Rhinolophus sinicus,Sichuan,2016-08,10.21203/rs.3.rs-885194/v1,31.34931671010588,102.62903716097208,"31.34931671010588, 102.62903716097208",Sichuan,province-level,,,2021.662899543379
OK017825.1,GD2019A,Rhinolophus sinicus,Guangdong,2019-08,10.21203/rs.3.rs-885194/v1,23.86367166708743,115.13543046617524,"23.863671667087427, 115.13543046617524",Guangdong,province-level,,,2021.662899543379
OK017826.1,GD2019B,Rhinolophus sinicus,Guangdong,2019-08,10.21203/rs.3.rs-885194/v1,23.86367166708743,115.13543046617524,"23.863671667087427, 115.13543046617524",Guangdong,province-level,,,2021.662899543379
OK017827.1,GD2019D,Rhinolophus sinicus,Guangdong,2019-09,10.21203/rs.3.rs-885194/v1,23.86367166708743,115.13543046617524,"23.863671667087427, 115.13543046617524",Guangdong,province-level,,,2021.662899543379
OK017828.1,GD2019E,Rhinolophus sinicus,Guangdong,2019-09,10.21203/rs.3.rs-885194/v1,23.86367166708743,115.13543046617524,"23.863671667087427, 115.13543046617524",Guangdong,province-level,,,2021.662899543379
OK017859.1,GX2019A,Rhinolophus siamensis,Guangxi,2019-09,10.21203/rs.3.rs-885194/v1,23.80307649605036,110.74813931498792,"23.80307649605036, 110.74813931498792",Guangxi,province-level,,,2021.662899543379
OK017801.1,HB2020D,Rhinolophus sp.,Hubei,2020-07,10.21203/rs.3.rs-885194/v1,31.695111423993936,111.07961660868963,"31.695111423993936, 111.07961660868965",Hubei,province-level,,,2021.662899543379
OK017802.1,HB2020E,Rhinolophus sp.,Hubei,2020-07,10.21203/rs.3.rs-885194/v1,31.695111423993936,111.07961660868963,"31.695111423993936, 111.07961660868965",Hubei,province-level,,,2021.662899543379
OK017794.1,LN2020A,Rhinolophus ferrumequinum,Liaoning,2020-09,10.21203/rs.3.rs-885194/v1,41.18857072926328,124.2218530800912,"41.18857072926328, 124.22185308009118",Liaoning,province-level,,,2021.662899543379
OK017795.1,LN2020B,Rhinolophus ferrumequinum,Liaoning,2020-09,10.21203/rs.3.rs-885194/v1,41.18857072926328,124.2218530800912,"41.18857072926328, 124.22185308009118",Liaoning,province-level,,,2021.662899543379
OK017796.1,LN2020C,Rhinolophus ferrumequinum,Liaoning,2020-09,10.21203/rs.3.rs-885194/v1,41.18857072926328,124.2218530800912,"41.18857072926328, 124.22185308009118",Liaoning,province-level,,,2021.662899543379
OK017797.1,LN2020E,Rhinolophus ferrumequinum,Liaoning,2020-09,10.21203/rs.3.rs-885194/v1,41.18857072926328,124.2218530800912,"41.18857072926328, 124.22185308009118",Liaoning,province-level,,,2021.662899543379
OK017798.1,LN2020F,Rhinolophus ferrumequinum,Liaoning,2020-09,10.21203/rs.3.rs-885194/v1,41.18857072926328,124.2218530800912,"41.18857072926328, 124.22185308009118",Liaoning,province-level,,,2021.662899543379
OK017799.1,LN2020G,Rhinolophus ferrumequinum,Liaoning,2020-09,10.21203/rs.3.rs-885194/v1,41.18857072926328,124.2218530800912,"41.18857072926328, 124.22185308009118",Liaoning,province-level,,,2021.662899543379
OK017800.1,LN2020H,Rhinolophus ferrumequinum,Liaoning,2020-09,10.21203/rs.3.rs-885194/v1,41.18857072926328,124.2218530800912,"41.18857072926328, 124.22185308009118",Liaoning,province-level,,,2021.662899543379
OK017793.1,YN2020A,Rhinolophus affinis,Yunnan,2020-09,10.21203/rs.3.rs-885194/v1,24.2662109374504,101.49052981981724,"24.266210937450396, 101.49052981981725",Yunnan,province-level,,,2021.662899543379
OK017852.1,YN2020B,Rhinolophus sinicus,Yunnan,2020-06,10.21203/rs.3.rs-885194/v1,24.2662109374504,101.49052981981724,"24.266210937450396, 101.49052981981725",Yunnan,province-level,,,2021.662899543379
OK017853.1,YN2020C,Rhinolophus sinicus,Yunnan,2020-06,10.21203/rs.3.rs-885194/v1,24.2662109374504,101.49052981981724,"24.266210937450396, 101.49052981981725",Yunnan,province-level,,,2021.662899543379
OK017854.1,YN2020D,Rhinolophus sinicus,Yunnan,2020-06,10.21203/rs.3.rs-885194/v1,24.2662109374504,101.49052981981724,"24.266210937450396, 101.49052981981725",Yunnan,province-level,,,2021.662899543379
OK017855.1,YN2020E,Rhinolophus sinicus,Yunnan,2020-06,10.21203/rs.3.rs-885194/v1,24.2662109374504,101.49052981981724,"24.266210937450396, 101.49052981981725",Yunnan,province-level,,,2021.662899543379
OK017856.1,YN2020F,Rhinolophus sinicus,Yunnan,2020-06,10.21203/rs.3.rs-885194/v1,24.2662109374504,101.49052981981724,"24.266210937450396, 101.49052981981725",Yunnan,province-level,,,2021.662899543379
OK017857.1,YN2020G,Rhinolophus sinicus,Yunnan,2020-06,10.21203/rs.3.rs-885194/v1,24.2662109374504,101.49052981981724,"24.266210937450396, 101.49052981981725",Yunnan,province-level,,,2021.662899543379
OK017858.1,YN2020H,Rhinolophus sinicus,Yunnan,2020-06,10.21203/rs.3.rs-885194/v1,24.2662109374504,101.49052981981724,"24.266210937450396, 101.49052981981725",Yunnan,province-level,,,2021.662899543379
OK017807.1,AH2021A,Rhinolophus sinicus,Anhui,2021-07,10.21203/rs.3.rs-885194/v1,30.99464120755001,117.65384642733508,"30.994641207550007, 117.65384642733508",Anhui,province-level,,,2021.662899543379
OK017808.1,FJ2021A,Rhinolophus sinicus,Fujian,2021-05,10.21203/rs.3.rs-885194/v1,25.64631890866084,118.03823738207568,"25.646318908660838, 118.03823738207568",Fujian,province-level,,,2021.662899543379
OK017809.1,FJ2021D,Rhinolophus sinicus,Fujian,2021-05,10.21203/rs.3.rs-885194/v1,25.64631890866084,118.03823738207568,"25.646318908660838, 118.03823738207568",Fujian,province-level,,,2021.662899543379
OK017810.1,FJ2021E,Rhinolophus sinicus,Fujian,2021-05,10.21203/rs.3.rs-885194/v1,25.64631890866084,118.03823738207568,"25.646318908660838, 118.03823738207568",Fujian,province-level,,,2021.662899543379
OK017811.1,FJ2021M,Rhinolophus sinicus,Fujian,2021-05,10.21203/rs.3.rs-885194/v1,25.64631890866084,118.03823738207568,"25.646318908660838, 118.03823738207568",Fujian,province-level,,,2021.662899543379
OK017829.1,GZ2021C,Rhinolophus sinicus,Guizhou,2021-03,10.21203/rs.3.rs-885194/v1,27.560934352206324,107.59350733337706,"27.560934352206324, 107.59350733337705",Guizhou,province-level,,,2021.662899543379
OK017830.1,GZ2021H,Rhinolophus sinicus,Guizhou,2021-03,10.21203/rs.3.rs-885194/v1,27.560934352206324,107.59350733337706,"27.560934352206324, 107.59350733337705",Guizhou,province-level,,,2021.662899543379
OK017831.1,GZ2021I,Rhinolophus sinicus,Guizhou,2021-03,10.21203/rs.3.rs-885194/v1,27.560934352206324,107.59350733337706,"27.560934352206324, 107.59350733337705",Guizhou,province-level,,,2021.662899543379
OK017803.1,HN2021A,Rhinolophus pusillus,Hunan,2021-02,10.21203/rs.3.rs-885194/v1,28.02499168710197,111.30904305284376,"28.02499168710197, 111.30904305284375",Hunan,province-level,,,2021.662899543379
OK017804.1,HN2021B,Rhinolophus pusillus,Hunan,2021-02,10.21203/rs.3.rs-885194/v1,28.02499168710197,111.30904305284376,"28.02499168710197, 111.30904305284375",Hunan,province-level,,,2021.662899543379
OK017805.1,HN2021G,Rhinolophus pusillus,Hunan,2021-03,10.21203/rs.3.rs-885194/v1,28.02499168710197,111.30904305284376,"28.02499168710197, 111.30904305284375",Hunan,province-level,,,2021.662899543379
OK017832.1,HN2021C,Rhinolophus sinicus,Hunan,2021-02,10.21203/rs.3.rs-885194/v1,28.02499168710197,111.30904305284376,"28.02499168710197, 111.30904305284375",Hunan,province-level,,,2021.662899543379
OK017833.1,HN2021D,Rhinolophus sinicus,Hunan,2021-02,10.21203/rs.3.rs-885194/v1,28.02499168710197,111.30904305284376,"28.02499168710197, 111.30904305284375",Hunan,province-level,,,2021.662899543379
OK017834.1,HN2021E,Rhinolophus sinicus,Hunan,2021-03,10.21203/rs.3.rs-885194/v1,28.02499168710197,111.30904305284376,"28.02499168710197, 111.30904305284375",Hunan,province-level,,,2021.662899543379
OK017835.1,HN2021F,Rhinolophus sinicus,Hunan,2021-03,10.21203/rs.3.rs-885194/v1,28.02499168710197,111.30904305284376,"28.02499168710197, 111.30904305284375",Hunan,province-level,,,2021.662899543379
OK017860.1,JX2021D,Rhinolophus siamensis,Jiangxi,2021-07,10.21203/rs.3.rs-885194/v1,27.40117697858004,115.33784643450134,"27.401176978580033, 115.33784643450134",Jiangxi,province-level,,,2021.662899543379
OK017836.1,JX2021AC,Rhinolophus sinicus,Jiangxi,2021-07,10.21203/rs.3.rs-885194/v1,27.40117697858004,115.33784643450134,"27.401176978580033, 115.33784643450134",Jiangxi,province-level,,,2021.662899543379
OK017837.1,JX2021C,Rhinolophus sinicus,Jiangxi,2021-07,10.21203/rs.3.rs-885194/v1,27.40117697858004,115.33784643450134,"27.401176978580033, 115.33784643450134",Jiangxi,province-level,,,2021.662899543379
OK017838.1,JX2021G,Rhinolophus sinicus,Jiangxi,2021-07,10.21203/rs.3.rs-885194/v1,27.40117697858004,115.33784643450134,"27.401176978580033, 115.33784643450134",Jiangxi,province-level,,,2021.662899543379
OK017839.1,JX2021J,Rhinolophus sinicus,Jiangxi,2021-07,10.21203/rs.3.rs-885194/v1,27.40117697858004,115.33784643450134,"27.401176978580033, 115.33784643450134",Jiangxi,province-level,,,2021.662899543379
OK017840.1,JX2021K,Rhinolophus sinicus,Jiangxi,2021-07,10.21203/rs.3.rs-885194/v1,27.40117697858004,115.33784643450134,"27.401176978580033, 115.33784643450134",Jiangxi,province-level,,,2021.662899543379
OK017841.1,JX2021L,Rhinolophus sinicus,Jiangxi,2021-07,10.21203/rs.3.rs-885194/v1,27.40117697858004,115.33784643450134,"27.401176978580033, 115.33784643450134",Jiangxi,province-level,,,2021.662899543379
OK017842.1,JX2021M,Rhinolophus sinicus,Jiangxi,2021-07,10.21203/rs.3.rs-885194/v1,27.40117697858004,115.33784643450134,"27.401176978580033, 115.33784643450134",Jiangxi,province-level,,,2021.662899543379
OK017843.1,JX2021N,Rhinolophus sinicus,Jiangxi,2021-07,10.21203/rs.3.rs-885194/v1,27.40117697858004,115.33784643450134,"27.401176978580033, 115.33784643450134",Jiangxi,province-level,,,2021.662899543379
OK017844.1,JX2021O,Rhinolophus sinicus,Jiangxi,2021-07,10.21203/rs.3.rs-885194/v1,27.40117697858004,115.33784643450134,"27.401176978580033, 115.33784643450134",Jiangxi,province-level,,,2021.662899543379
OK017845.1,JX2021P,Rhinolophus sinicus,Jiangxi,2021-07,10.21203/rs.3.rs-885194/v1,27.40117697858004,115.33784643450134,"27.401176978580033, 115.33784643450134",Jiangxi,province-level,,,2021.662899543379
OK017806.1,YN2021,Rhinolophus pusillus,Yunnan,2021-04,10.21203/rs.3.rs-885194/v1,24.2662109374504,101.49052981981724,"24.266210937450396, 101.49052981981725",Yunnan,province-level,,,2021.662899543379
EPI_ISL_412977,RmYN02,Rhinolophus malayanus,Yunnan,2019-06-25,10.1016/j.cub.2020.05.023,21.47195672907145,101.556792038927,"21.471956729071447, 101.55679203892701",Mengla,,,N,2020.1666666666667
KY938558.1,16BO133,Rhinolophus ferrumequinum,South Korea,2016-04-17,10.1007/s00248-017-1033-8,35.474422132221775,127.14481012626948,"35.474422132221775, 127.1448101262695",Jeollabuk-do,,,,2017.262899543379
MN908947.3,Wuhan-Hu-1,Homo sapiens,Hubei,2019-12,,30.67321023,114.2987561,"30.673210230995313, 114.29875609255726",Wuhan,,,Y,2020.0109289617487
MN996532.2,RaTG13,Rhinolophus affinis,Yunnan,2013-07-24,10.1038/s41586-020-2012-7,23.29298412,101.3836952,"23.292984115330405, 101.38369522652954",Tongguan Town,,,Y,2020.0710382513664
MZ937000.1,BANAL-20-52/Laos/2020,Rhinolophus malayanus,Laos,2020-07-05,10.21203/rs.3.rs-871965/v1,18.66585993222259,102.14923141373971,"18.665859932222595, 102.14923141373973","Fueng​​​ District​, Vientiane Province ",,,,2021.6519406392692
MZ937001.1,BANAL-20-103/Laos/2020,Rhinolophus pusillus,Laos,2020-07-07,10.21203/rs.3.rs-871965/v1,18.66585993222259,102.14923141373971,"18.665859932222595, 102.14923141373973","Fueng​​​ District​, Vientiane Province ",,,,2021.6519406392692
MZ937003.1,BANAL-20-236/Laos/2020,Rhinolophus marshalli,Laos,2020-07-10,10.21203/rs.3.rs-871965/v1,18.66585993222259,102.14923141373971,"18.665859932222595, 102.14923141373973","Fueng​​​ District​, Vientiane Province ",,,,2021.6519406392692
MT121216.1,MP789,Manis javanica,Guangdong,2019-03-29,10.1371/journal.ppat.1008421,23.86367166708743,115.13543046617524,"23.863671667087427, 115.13543046617524",Guangdong,province-level,,Y,2020.155737704918
EPI_ISL_852604,RshSTT182,Rhinolophus shameli,Cambodia,2010-12-06,10.1101/2021.01.26.428212,13.72259968,106.25267209999998,"13.722599682592563, 106.2526721387726",Steung Treng Province,,,,2021.0520547945205
EPI_ISL_852605,RshSTT200,Rhinolophus shameli,Cambodia,2010-12-06,10.1101/2021.01.26.428212,13.72259968,106.25267209999998,"13.722599682592563, 106.2526721387726",Steung Treng Province,,,N,2021.0520547945205
